{
  "contact": [
    {
      "id": "b4a6",
      "f_name": "Mohit",
      "l_name": "Kumar",
      "email_id": "mohit@gmail.com",
      "mobile_number": "7563811483",
      "message": "Hi i am mohit",
      "msg": "Message Send Successfully !"
    },
    {
      "id": "03eb",
      "f_name": "Mohit",
      "l_name": "Kumar",
      "email_id": "mohit@gmail.com",
      "mobile_number": "7563811483",
      "message": "Hi i am mohit",
      "msg": "Message Send Successfully !"
    },
    {
      "id": "8e6e",
      "f_name": "Mohit",
      "l_name": "Kumar",
      "email_id": "mohit@gmail.com",
      "mobile_number": "7563811483",
      "message": "Hi i am mohit",
      "msg": "Message Send Successfully !"
    },
    {
      "id": "9c93",
      "f_name": "Mohit",
      "l_name": "Kumar",
      "email_id": "mohit@gmail.com",
      "mobile_number": "7563811483",
      "message": "Hi i am mohit",
      "msg": "Message Send Successfully !"
    },
    {
      "id": "1c86",
      "f_name": "Mohit",
      "l_name": "Kumar",
      "email_id": "mohit@gmail.com",
      "mobile_number": "7563811483",
      "message": "Hi i am mohit",
      "msg": "Message Send Successfully !"
    },
    {
      "id": "123d",
      "f_name": "Mohit",
      "l_name": "Kumar",
      "email_id": "mohit@gmail.com",
      "mobile_number": "7563811483",
      "message": "Hi i am mohit",
      "msg": "Message Send Successfully !"
    },
    {
      "id": "7cfb",
      "f_name": "Mohit",
      "l_name": "Kumar",
      "email_id": "mohit@gmail.com",
      "mobile_number": "7563811483",
      "message": "Hi i am mohit",
      "msg": "Message Send Successfully !"
    },
    {
      "id": "a55a",
      "f_name": "Mohit",
      "l_name": "Kumar",
      "email_id": "mohit@gmail.com",
      "mobile_number": "7563811483",
      "message": "Hi i am mohit",
      "msg": "Message Send Successfully !"
    },
    {
      "id": "22e1",
      "f_name": "Mohit",
      "l_name": "Kumar",
      "email_id": "mohit@gmail.com",
      "mobile_number": "7563811483",
      "message": "Hi i am mohit",
      "msg": "Message Send Successfully !"
    },
    {
      "id": "05d9",
      "f_name": "Mohit",
      "l_name": "Kumar",
      "email_id": "mohit@gmail.com",
      "mobile_number": "7563811483",
      "message": "Hi i am mohit",
      "msg": "Message Send Successfully !"
    },
    {
      "id": "243e",
      "f_name": "Mohit",
      "l_name": "Kumar",
      "email_id": "mohit@gmail.com",
      "mobile_number": "7563811483",
      "message": "Hi i am mohit",
      "msg": "Message Send Successfully !"
    },
    {
      "id": "e4db",
      "f_name": "Mohit",
      "l_name": "Kumar",
      "email_id": "mohit@gmail.com",
      "mobile_number": "7563811483",
      "message": "Hi i am mohit",
      "msg": "Message Send Successfully !"
    },
    {
      "id": "097f",
      "f_name": "Mohit",
      "l_name": "Kumar",
      "email_id": "mohit@gmail.com",
      "mobile_number": "7563811483",
      "message": "Hi i am mohit",
      "msg": "Message Send Successfully !"
    },
    {
      "id": "65fe",
      "f_name": "Mohit",
      "l_name": "Kumar",
      "email_id": "mohit@gmail.com",
      "mobile_number": "7563811483",
      "message": "Hi i am mohit",
      "msg": "Message Send Successfully !"
    },
    {
      "id": "2324",
      "f_name": "Mohit",
      "l_name": "Kumar",
      "email_id": "mohit@gmail.com",
      "mobile_number": "7563811483",
      "message": "Hi i am mohit",
      "msg": "Message Send Successfully !"
    },
    {
      "id": "01db",
      "f_name": "Mohit",
      "l_name": "Kumar",
      "email_id": "mohit@gmail.com",
      "mobile_number": "7563811483",
      "message": "Hi i am mohit",
      "msg": "Message Send Successfully !"
    },
    {
      "id": "a4b8",
      "f_name": "Raja",
      "l_name": "Kumar",
      "email_id": "raja@gmail.com",
      "mobile_number": "7563811422",
      "message": "I am raja",
      "msg": ""
    }
  ]
}