{
  "book_details": [
    {
      "id": "1668",
      "book_name": "Html",
      "book_author": "Jone",
      "book_edition": "4th",
      "book_page_number": "300",
      "book_price": "270",
      "book_descrition": "html all tags "
    },
    {
      "id": "92fc",
      "book_name": "Casecading style sheet",
      "book_author": "Romi",
      "book_edition": "3 rd",
      "book_page_number": "150",
      "book_price": "620",
      "book_descrition": "Chnage look and feel ."
    },
    {
      "id": "5510",
      "book_name": "React js",
      "book_author": "James",
      "book_edition": "19 version",
      "book_page_number": "400",
      "book_price": "1199",
      "book_descrition": "Single page application"
    },
    {
      "id": "aaa1",
      "book_name": "React js",
      "book_author": "James",
      "book_edition": "19 version",
      "book_page_number": "400",
      "book_price": "1199",
      "book_descrition": "Single page application"
    },
    {
      "id": "a53b",
      "book_name": "React js",
      "book_author": "James",
      "book_edition": "19 version",
      "book_page_number": "400",
      "book_price": "1199",
      "book_descrition": "Single page application"
    },
    {
      "id": "5e62",
      "book_name": "React js",
      "book_author": "James",
      "book_edition": "19 version",
      "book_page_number": "400",
      "book_price": "1199",
      "book_descrition": "Single page application"
    },
    {
      "id": "e0c4",
      "book_name": "React js",
      "book_author": "James",
      "book_edition": "19 version",
      "book_page_number": "400",
      "book_price": "1199",
      "book_descrition": "Single page application"
    },
    {
      "id": "00dc",
      "book_name": "React js",
      "book_author": "James",
      "book_edition": "19 version",
      "book_page_number": "400",
      "book_price": "1199",
      "book_descrition": "Single page application"
    },
    {
      "id": "b77a",
      "book_name": "React js",
      "book_author": "James",
      "book_edition": "19 version",
      "book_page_number": "400",
      "book_price": "1199",
      "book_descrition": "Single page application"
    },
    {
      "id": "4841",
      "book_name": "React js",
      "book_author": "James",
      "book_edition": "19 version",
      "book_page_number": "400",
      "book_price": "1199",
      "book_descrition": "Single page application"
    },
    {
      "id": "b148",
      "book_name": "React js",
      "book_author": "James",
      "book_edition": "19 version",
      "book_page_number": "400",
      "book_price": "1199",
      "book_descrition": "Single page application"
    },
    {
      "id": "9993",
      "book_name": "React js",
      "book_author": "James",
      "book_edition": "19 version",
      "book_page_number": "400",
      "book_price": "1199",
      "book_descrition": "Single page application"
    },
    {
      "id": "cd9a",
      "book_name": "React js",
      "book_author": "James",
      "book_edition": "19 version",
      "book_page_number": "400",
      "book_price": "1199",
      "book_descrition": "Single page application"
    },
    {
      "id": "3f45",
      "book_name": "React js",
      "book_author": "James",
      "book_edition": "19 version",
      "book_page_number": "400",
      "book_price": "1199",
      "book_descrition": "Single page application"
    },
    {
      "id": "078e",
      "book_name": "React js",
      "book_author": "James",
      "book_edition": "19 version",
      "book_page_number": "400",
      "book_price": "1199",
      "book_descrition": "Single page application"
    },
    {
      "id": "c8bf",
      "book_name": "React js",
      "book_author": "James",
      "book_edition": "19 version",
      "book_page_number": "400",
      "book_price": "1199",
      "book_descrition": "Single page application"
    },
    {
      "id": "eabd",
      "book_name": "React js",
      "book_author": "James",
      "book_edition": "19 version",
      "book_page_number": "400",
      "book_price": "1199",
      "book_descrition": "Single page application"
    },
    {
      "id": "294e",
      "book_name": "React js",
      "book_author": "James",
      "book_edition": "19 version",
      "book_page_number": "400",
      "book_price": "1199",
      "book_descrition": "Single page application"
    },
    {
      "id": "c3c0",
      "book_name": "React js",
      "book_author": "James",
      "book_edition": "19 version",
      "book_page_number": "400",
      "book_price": "1199",
      "book_descrition": "Single page application"
    },
    {
      "id": "3cff",
      "book_name": "React js",
      "book_author": "James",
      "book_edition": "19 version",
      "book_page_number": "400",
      "book_price": "1199",
      "book_descrition": "Single page application"
    },
    {
      "id": "d79b",
      "book_name": "React js",
      "book_author": "James",
      "book_edition": "19 version",
      "book_page_number": "400",
      "book_price": "1199",
      "book_descrition": "Single page application"
    },
    {
      "id": "d4c6",
      "book_name": "React js",
      "book_author": "James",
      "book_edition": "19 version",
      "book_page_number": "400",
      "book_price": "1199",
      "book_descrition": "Single page application"
    },
    {
      "id": "7324",
      "book_name": "React js",
      "book_author": "James",
      "book_edition": "19 version",
      "book_page_number": "400",
      "book_price": "1199",
      "book_descrition": "Single page application"
    },
    {
      "id": "ebff",
      "book_name": "React js",
      "book_author": "James",
      "book_edition": "19 version",
      "book_page_number": "400",
      "book_price": "1199",
      "book_descrition": "Single page application"
    }
  ]
}