{
  "book_details": [
    {
      "id": "92fc",
      "book_name": "Casecading style sheet",
      "book_author": "Romi",
      "book_edition": "3 rd",
      "book_page_number": "150",
      "book_price": "620",
      "book_descrition": "Chnage look and feel ."
    },
    {
      "id": "5e62",
      "book_name": "React js",
      "book_author": "James",
      "book_edition": "19 version",
      "book_page_number": "400",
      "book_price": "1199",
      "book_descrition": "Single page application"
    },
    {
      "id": "00dc",
      "book_name": "Bootstrap",
      "book_author": "James",
      "book_edition": "5 version",
      "book_page_number": "250",
      "book_price": "400",
      "book_descrition": "It is framework of html and css with javaScript ",
      "book_aauthor": "Jamesi"
    },
    {
      "id": "b77a",
      "book_name": "Laravel",
      "book_author": "Harry",
      "book_edition": "11 version",
      "book_page_number": "150",
      "book_price": "900",
      "book_descrition": "It is php framework"
    },
    {
      "id": "4841",
      "book_name": "React js",
      "book_author": "James",
      "book_edition": "19 version",
      "book_page_number": "400",
      "book_price": "1199",
      "book_descrition": "Single page application"
    },
    {
      "id": "b148",
      "book_name": "React js",
      "book_author": "James",
      "book_edition": "19 version",
      "book_page_number": "400",
      "book_price": "1199",
      "book_descrition": "Single page application"
    },
    {
      "id": "9993",
      "book_name": "React js",
      "book_author": "James",
      "book_edition": "19 version",
      "book_page_number": "400",
      "book_price": "1199",
      "book_descrition": "Single page application"
    },
    {
      "id": "cd9a",
      "book_name": "React js",
      "book_author": "James",
      "book_edition": "19 version",
      "book_page_number": "400",
      "book_price": "1199",
      "book_descrition": "Single page application"
    },
    {
      "id": "3f45",
      "book_name": "React js",
      "book_author": "James",
      "book_edition": "19 version",
      "book_page_number": "400",
      "book_price": "1199",
      "book_descrition": "Single page application"
    },
    {
      "id": "078e",
      "book_name": "React js",
      "book_author": "James",
      "book_edition": "19 version",
      "book_page_number": "400",
      "book_price": "1199",
      "book_descrition": "Single page application"
    },
    {
      "id": "c8bf",
      "book_name": "React js",
      "book_author": "James",
      "book_edition": "19 version",
      "book_page_number": "400",
      "book_price": "1199",
      "book_descrition": "Single page application"
    },
    {
      "id": "eabd",
      "book_name": "React js",
      "book_author": "James",
      "book_edition": "19 version",
      "book_page_number": "400",
      "book_price": "1199",
      "book_descrition": "Single page application"
    },
    {
      "id": "294e",
      "book_name": "React js",
      "book_author": "James",
      "book_edition": "19 version",
      "book_page_number": "400",
      "book_price": "1199",
      "book_descrition": "Single page application"
    },
    {
      "id": "c3c0",
      "book_name": "React js",
      "book_author": "James",
      "book_edition": "19 version",
      "book_page_number": "400",
      "book_price": "1199",
      "book_descrition": "Single page application"
    },
    {
      "id": "3cff",
      "book_name": "React js",
      "book_author": "James",
      "book_edition": "19 version",
      "book_page_number": "400",
      "book_price": "1199",
      "book_descrition": "Single page application"
    },
    {
      "id": "d79b",
      "book_name": "React js",
      "book_author": "James",
      "book_edition": "19 version",
      "book_page_number": "400",
      "book_price": "1199",
      "book_descrition": "Single page application"
    },
    {
      "id": "d4c6",
      "book_name": "React js",
      "book_author": "James",
      "book_edition": "19 version",
      "book_page_number": "400",
      "book_price": "1199",
      "book_descrition": "Single page application"
    },
    {
      "id": "7324",
      "book_name": "React js",
      "book_author": "James",
      "book_edition": "19 version",
      "book_page_number": "400",
      "book_price": "1199",
      "book_descrition": "Single page application"
    },
    {
      "id": "ebff",
      "book_name": "React js",
      "book_author": "James",
      "book_edition": "19 version",
      "book_page_number": "400",
      "book_price": "1199",
      "book_descrition": "Single page application"
    },
    {
      "id": "ce9d",
      "book_name": "Html",
      "book_author": "Jone",
      "book_edition": "4th",
      "book_page_number": "565",
      "book_price": "88",
      "book_descrition": "hi"
    },
    {
      "id": "9cd1",
      "book_name": "Python",
      "book_author": "jony",
      "book_edition": "4th",
      "book_page_number": "300",
      "book_price": "2000",
      "book_descrition": "It is programming lanagauge and support Ds , da "
    }
  ]
}